
BUSES OUTSIDE VOLTAGE LIMITS ( 100 %)

Bus ID,Zone,kV Base,Vmin - [pu],Vmax - [pu],V sol - [pu],Ang sol - [deg]
B20,0,345.00,0.900,1.100,0.657,4.1
B12,0,345.00,0.900,1.100,0.373,-5.6

OVERLOADED LINES & CABLES ( WITHIN 100 %)
ID,Bus From,Bus To,Power Flow - [pu],Loading Limit - [pu],Emergency Loading Limit - [pu]

UNDERLOADED LINES & CABLES ( WITHIN  50 %)
ID,Bus From,Bus To,Power Flow - [pu],Loading Limit - [pu]
L30,B25,B26,1.189,2.390
L01,B01,B02,0.866,2.390
L21,B16,B17,0.069,3.585
L02,B01,B39,0.866,2.390
L32,B26,B28,1.399,2.390
L13,B07,B08,2.225,2.390
L33,B26,B29,1.881,2.390
L04,B02,B25,1.978,2.390
L14,B08,B09,1.935,2.390
L24,B16,B24,1.595,2.390
L34,B28,B29,3.413,3.585
L05,B03,B04,2.226,2.390
L15,B09,B39,1.566,2.390
L25,B17,B18,0.536,3.585
L06,B03,B18,1.345,2.390
L26,B17,B27,0.475,2.390
L07,B04,B05,1.784,2.390
L18,B13,B14,2.277,2.390
L28,B22,B23,0.425,2.390
L19,B14,B15,2.280,2.390

OVERLOADED TRANSFORMERS ( WITHIN 100 %)
ID,Bus From,Bus To,Power Flow - [MVA],Loading Limit - [MVA],Emergency Loading Limit - [MVA]

UNDERLOADED TRANSFORMERS ( WITHIN  50 %)
ID,Bus From,Bus To,Power Flow - [MVA],Loading Limit - [MVA]
T10,B02,B30,284.445,500.000
T01,B12,B11,43.044,150.000
T02,B12,B13,47.067,150.000
T12,B19,B20,122.658,500.000

GENERATORS AT REACTIVE LIMITS ( WITHIN   0 %)
ID,Bus From,P Gen - [MW],Q Gen - [MVAR],Q Min - [MVAR],Q Max - [MVAR]

TRANSFORMERS AT TAP LIMITS ( WITHIN   0 %)
ID,Bus From,Bus To,Tap Pos - [%],Min Tap - [%],Max Tap - [%]